Time;spring-native-simple;quarkus-jvm;quarkus-native;spring-jvm-simple;micronaut-jvm;micronaut-native
08.01.2025 14:00;95.3 MiB;138 MiB;26.5 MiB;261 MiB;161 MiB;46.9 MiB
08.01.2025 14:01;95.3 MiB;151 MiB;26.6 MiB;269 MiB;161 MiB;71.7 MiB
08.01.2025 14:02;108 MiB;139 MiB;26.5 MiB;269 MiB;162 MiB;21.9 MiB
08.01.2025 14:03;108 MiB;210 MiB;27.1 MiB;269 MiB;162 MiB;46.1 MiB
08.01.2025 14:04;104 MiB;139 MiB;27.1 MiB;270 MiB;165 MiB;24.8 MiB
08.01.2025 14:05;104 MiB;237 MiB;27.6 MiB;270 MiB;165 MiB;84.6 MiB
08.01.2025 14:06;92.1 MiB;139 MiB;27.5 MiB;270 MiB;165 MiB;24.2 MiB
08.01.2025 14:07;87.6 MiB;263 MiB;26.1 MiB;270 MiB;165 MiB;99.2 MiB
08.01.2025 14:08;77.0 MiB;139 MiB;26.1 MiB;271 MiB;165 MiB;24.2 MiB
08.01.2025 14:09;77.0 MiB;317 MiB;26.6 MiB;276 MiB;165 MiB;188 MiB
08.01.2025 14:10;69.5 MiB;140 MiB;26.5 MiB;276 MiB;165 MiB;22.7 MiB
08.01.2025 14:11;69.5 MiB;141 MiB;30.4 MiB;277 MiB;165 MiB;202 MiB
08.01.2025 14:12;68.4 MiB;142 MiB;30.5 MiB;277 MiB;166 MiB;23.1 MiB
08.01.2025 14:13;68.5 MiB;249 MiB;27.3 MiB;277 MiB;168 MiB;201 MiB
08.01.2025 14:14;70.4 MiB;142 MiB;27.6 MiB;277 MiB;168 MiB;23.6 MiB
08.01.2025 14:15;70.4 MiB;320 MiB;25.6 MiB;277 MiB;168 MiB;61.9 MiB
08.01.2025 14:16;67.4 MiB;142 MiB;25.0 MiB;277 MiB;168 MiB;24.8 MiB
08.01.2025 14:17;67.5 MiB;142 MiB;26.6 MiB;277 MiB;168 MiB;106 MiB
08.01.2025 14:18;64.9 MiB;143 MiB;26.1 MiB;278 MiB;168 MiB;23.8 MiB
08.01.2025 14:19;65.0 MiB;195 MiB;26.6 MiB;278 MiB;168 MiB;118 MiB
08.01.2025 14:20;71.4 MiB;143 MiB;26.1 MiB;278 MiB;168 MiB;24.0 MiB
08.01.2025 14:21;60.8 MiB;320 MiB;28.3 MiB;278 MiB;168 MiB;161 MiB
08.01.2025 14:22;68.0 MiB;143 MiB;28.3 MiB;278 MiB;168 MiB;24.3 MiB
08.01.2025 14:23;68.0 MiB;155 MiB;25.6 MiB;278 MiB;168 MiB;202 MiB
08.01.2025 14:24;65.9 MiB;143 MiB;25.0 MiB;278 MiB;168 MiB;23.9 MiB
08.01.2025 14:25;66.0 MiB;298 MiB;26.6 MiB;278 MiB;168 MiB;42.1 MiB
08.01.2025 14:26;69.5 MiB;143 MiB;26.1 MiB;278 MiB;168 MiB;24.8 MiB
08.01.2025 14:27;60.3 MiB;320 MiB;27.9 MiB;278 MiB;168 MiB;59.5 MiB
08.01.2025 14:28;66.5 MiB;143 MiB;28.2 MiB;278 MiB;168 MiB;23.3 MiB
08.01.2025 14:29;66.5 MiB;208 MiB;27.1 MiB;279 MiB;168 MiB;130 MiB
08.01.2025 14:30;71.5 MiB;143 MiB;27.1 MiB;279 MiB;168 MiB;21.8 MiB
08.01.2025 14:31;62.7 MiB;249 MiB;27.2 MiB;279 MiB;168 MiB;144 MiB
08.01.2025 14:32;72.9 MiB;143 MiB;27.4 MiB;279 MiB;168 MiB;23.4 MiB
08.01.2025 14:33;73.0 MiB;306 MiB;27.1 MiB;279 MiB;168 MiB;132 MiB
08.01.2025 14:34;72.0 MiB;141 MiB;27.1 MiB;279 MiB;168 MiB;21.8 MiB
08.01.2025 14:35;72.5 MiB;141 MiB;27.2 MiB;279 MiB;168 MiB;195 MiB
08.01.2025 14:36;68.0 MiB;142 MiB;27.1 MiB;279 MiB;168 MiB;21.3 MiB
08.01.2025 14:37;68.0 MiB;213 MiB;26.1 MiB;279 MiB;168 MiB;21.3 MiB
08.01.2025 14:38;70.0 MiB;141 MiB;26.0 MiB;280 MiB;168 MiB;30.4 MiB
08.01.2025 14:39;71 MiB;317 MiB;26.9 MiB;280 MiB;168 MiB;61.5 MiB
08.01.2025 14:40;63.0 MiB;141 MiB;26.4 MiB;280 MiB;168 MiB;23.2 MiB
08.01.2025 14:41;63.0 MiB;141 MiB;26.2 MiB;280 MiB;168 MiB;94.8 MiB
08.01.2025 14:42;70.2 MiB;142 MiB;26.2 MiB;280 MiB;168 MiB;23.6 MiB
08.01.2025 14:43;70.2 MiB;197 MiB;26.6 MiB;280 MiB;168 MiB;120 MiB
08.01.2025 14:44;62.2 MiB;142 MiB;26.5 MiB;280 MiB;168 MiB;23.5 MiB
08.01.2025 14:45;61.7 MiB;275 MiB;28.2 MiB;280 MiB;168 MiB;135 MiB
08.01.2025 14:46;73.4 MiB;142 MiB;28.1 MiB;280 MiB;168 MiB;23.9 MiB
08.01.2025 14:47;64.9 MiB;319 MiB;25.6 MiB;280 MiB;168 MiB;151 MiB
08.01.2025 14:48;70.5 MiB;142 MiB;25.6 MiB;280 MiB;168 MiB;26.3 MiB
08.01.2025 14:49;70.5 MiB;146 MiB;28.3 MiB;280 MiB;168 MiB;202 MiB
08.01.2025 14:50;67.0 MiB;142 MiB;28.8 MiB;280 MiB;168 MiB;24.4 MiB
08.01.2025 14:51;67.1 MiB;297 MiB;26.6 MiB;280 MiB;168 MiB;21.8 MiB
08.01.2025 14:52;64.4 MiB;142 MiB;25.5 MiB;280 MiB;169 MiB;24.4 MiB
08.01.2025 14:53;64.5 MiB;320 MiB;27.2 MiB;280 MiB;168 MiB;60.6 MiB
08.01.2025 14:54;73.5 MiB;142 MiB;28.4 MiB;280 MiB;168 MiB;25.4 MiB
08.01.2025 14:55;73.5 MiB;166 MiB;26.6 MiB;280 MiB;168 MiB;97.2 MiB
08.01.2025 14:56;65.2 MiB;142 MiB;26.6 MiB;281 MiB;168 MiB;25.4 MiB
08.01.2025 14:57;64.7 MiB;209 MiB;25.1 MiB;284 MiB;168 MiB;150 MiB
08.01.2025 14:58;69.0 MiB;142 MiB;24.1 MiB;284 MiB;169 MiB;27.2 MiB
08.01.2025 14:59;69.0 MiB;303 MiB;27.6 MiB;284 MiB;168 MiB;151 MiB
08.01.2025 15:00;65.3 MiB;142 MiB;26.6 MiB;284 MiB;169 MiB;26.9 MiB
08.01.2025 15:01;65.0 MiB;320 MiB;27.6 MiB;285 MiB;168 MiB;201 MiB
08.01.2025 15:02;65.8 MiB;142 MiB;27.6 MiB;285 MiB;169 MiB;21.9 MiB
08.01.2025 15:03;65.4 MiB;191 MiB;26.6 MiB;285 MiB;169 MiB;21.8 MiB
08.01.2025 15:04;70.1 MiB;142 MiB;26.6 MiB;285 MiB;169 MiB;23.4 MiB
08.01.2025 15:05;61.8 MiB;278 MiB;27.6 MiB;285 MiB;169 MiB;61.4 MiB
08.01.2025 15:06;71.9 MiB;142 MiB;27.6 MiB;285 MiB;169 MiB;23.4 MiB
08.01.2025 15:07;62.8 MiB;320 MiB;28.2 MiB;285 MiB;169 MiB;131 MiB
08.01.2025 15:08;60.8 MiB;142 MiB;29.3 MiB;285 MiB;169 MiB;25.4 MiB
08.01.2025 15:09;59.4 MiB;198 MiB;26.8 MiB;285 MiB;169 MiB;148 MiB
08.01.2025 15:10;61.8 MiB;142 MiB;27.1 MiB;285 MiB;169 MiB;24.4 MiB
08.01.2025 15:11;60.9 MiB;253 MiB;27.5 MiB;285 MiB;169 MiB;192 MiB
08.01.2025 15:12;72.6 MiB;142 MiB;27.3 MiB;285 MiB;169 MiB;22.9 MiB
08.01.2025 15:13;73.8 MiB;320 MiB;27.1 MiB;285 MiB;169 MiB;21.3 MiB
08.01.2025 15:14;65.7 MiB;142 MiB;27.1 MiB;285 MiB;169 MiB;23.9 MiB
08.01.2025 15:15;66.0 MiB;178 MiB;28.9 MiB;285 MiB;169 MiB;71.7 MiB
08.01.2025 15:16;67.0 MiB;143 MiB;28.9 MiB;285 MiB;169 MiB;24.1 MiB
08.01.2025 15:17;68.7 MiB;286 MiB;26.9 MiB;285 MiB;169 MiB;75.6 MiB
08.01.2025 15:18;71.5 MiB;142 MiB;27.1 MiB;286 MiB;169 MiB;25.6 MiB
08.01.2025 15:19;71.5 MiB;143 MiB;26.6 MiB;285 MiB;169 MiB;134 MiB
08.01.2025 15:20;67.6 MiB;143 MiB;26.6 MiB;286 MiB;169 MiB;25.7 MiB
08.01.2025 15:21;67.1 MiB;195 MiB;27.2 MiB;285 MiB;169 MiB;157 MiB
08.01.2025 15:22;68.4 MiB;142 MiB;27.2 MiB;285 MiB;169 MiB;25.3 MiB
08.01.2025 15:23;68.4 MiB;320 MiB;26.1 MiB;285 MiB;169 MiB;203 MiB
08.01.2025 15:24;68.3 MiB;142 MiB;23.6 MiB;285 MiB;169 MiB;25.5 MiB
08.01.2025 15:25;68.4 MiB;170 MiB;27.1 MiB;285 MiB;169 MiB;26.7 MiB
08.01.2025 15:26;70.5 MiB;142 MiB;26.6 MiB;286 MiB;169 MiB;23.9 MiB
08.01.2025 15:27;65.4 MiB;302 MiB;29.9 MiB;286 MiB;169 MiB;61.5 MiB
08.01.2025 15:28;69.2 MiB;142 MiB;29.9 MiB;286 MiB;169 MiB;27.1 MiB
08.01.2025 15:29;68.7 MiB;142 MiB;25.7 MiB;286 MiB;169 MiB;97.1 MiB
08.01.2025 15:30;65.4 MiB;142 MiB;25.8 MiB;286 MiB;169 MiB;22.3 MiB
08.01.2025 15:31;65.1 MiB;178 MiB;28.1 MiB;286 MiB;169 MiB;126 MiB
08.01.2025 15:32;71.6 MiB;143 MiB;28.3 MiB;286 MiB;169 MiB;28.0 MiB
08.01.2025 15:33;61.0 MiB;219 MiB;27.3 MiB;286 MiB;169 MiB;140 MiB
08.01.2025 15:34;65.5 MiB;143 MiB;27.4 MiB;286 MiB;169 MiB;26.2 MiB
08.01.2025 15:35;65.4 MiB;320 MiB;27.1 MiB;286 MiB;169 MiB;162 MiB
08.01.2025 15:36;61.6 MiB;143 MiB;27.1 MiB;286 MiB;169 MiB;22.8 MiB
08.01.2025 15:37;60.6 MiB;143 MiB;26.6 MiB;286 MiB;169 MiB;203 MiB
08.01.2025 15:38;68.1 MiB;143 MiB;26.9 MiB;286 MiB;170 MiB;25.8 MiB
08.01.2025 15:39;67.6 MiB;188 MiB;27.0 MiB;286 MiB;169 MiB;22.5 MiB
08.01.2025 15:40;69.6 MiB;143 MiB;26.0 MiB;286 MiB;169 MiB;26.3 MiB
08.01.2025 15:41;60.8 MiB;320 MiB;27.5 MiB;286 MiB;169 MiB;48.2 MiB
08.01.2025 15:42;67.4 MiB;143 MiB;27.6 MiB;286 MiB;169 MiB;23.4 MiB
08.01.2025 15:43;68.7 MiB;143 MiB;27.2 MiB;286 MiB;169 MiB;94.6 MiB
08.01.2025 15:44;63.9 MiB;143 MiB;26.1 MiB;286 MiB;169 MiB;24.8 MiB
08.01.2025 15:45;63.7 MiB;214 MiB;29.1 MiB;286 MiB;169 MiB;150 MiB
08.01.2025 15:46;63.6 MiB;143 MiB;29.1 MiB;286 MiB;169 MiB;25.3 MiB
08.01.2025 15:47;63.6 MiB;306 MiB;26.6 MiB;286 MiB;169 MiB;172 MiB
08.01.2025 15:48;67.1 MiB;143 MiB;26.9 MiB;286 MiB;169 MiB;23.3 MiB
08.01.2025 15:49;67.1 MiB;143 MiB;26.7 MiB;286 MiB;169 MiB;22.7 MiB
08.01.2025 15:50;70.1 MiB;143 MiB;26.6 MiB;286 MiB;169 MiB;25.1 MiB
08.01.2025 15:51;70.2 MiB;230 MiB;27.6 MiB;286 MiB;169 MiB;44.6 MiB
08.01.2025 15:52;75.6 MiB;143 MiB;27.6 MiB;286 MiB;169 MiB;25.3 MiB
08.01.2025 15:53;75.7 MiB;320 MiB;29.4 MiB;286 MiB;169 MiB;86.2 MiB
08.01.2025 15:54;69.1 MiB;143 MiB;27.6 MiB;286 MiB;169 MiB;23.8 MiB
08.01.2025 15:55;69.1 MiB;150 MiB;26.6 MiB;286 MiB;169 MiB;99.7 MiB
08.01.2025 15:56;71.2 MiB;143 MiB;26.6 MiB;286 MiB;169 MiB;25.8 MiB
08.01.2025 15:57;71.4 MiB;188 MiB;26.1 MiB;286 MiB;169 MiB;166 MiB
08.01.2025 15:58;70.6 MiB;143 MiB;26.1 MiB;286 MiB;169 MiB;22.8 MiB
08.01.2025 15:59;70.7 MiB;237 MiB;27.6 MiB;286 MiB;169 MiB;168 MiB
08.01.2025 16:00;71.8 MiB;143 MiB;27.1 MiB;286 MiB;169 MiB;23.4 MiB
08.01.2025 16:01;71.9 MiB;320 MiB;26.8 MiB;286 MiB;169 MiB;166 MiB
08.01.2025 16:02;66.3 MiB;143 MiB;26.7 MiB;286 MiB;169 MiB;24.4 MiB
08.01.2025 16:03;67.6 MiB;143 MiB;27.1 MiB;288 MiB;169 MiB;203 MiB
08.01.2025 16:04;65.4 MiB;143 MiB;27.1 MiB;288 MiB;170 MiB;25.8 MiB
08.01.2025 16:05;65.4 MiB;199 MiB;25.6 MiB;289 MiB;170 MiB;60.9 MiB
08.01.2025 16:06;67.8 MiB;143 MiB;25.6 MiB;289 MiB;170 MiB;24.3 MiB
08.01.2025 16:07;67.8 MiB;286 MiB;26.1 MiB;289 MiB;170 MiB;95.2 MiB
08.01.2025 16:08;65.1 MiB;143 MiB;26.1 MiB;289 MiB;170 MiB;25.7 MiB
08.01.2025 16:09;64.6 MiB;320 MiB;30.4 MiB;289 MiB;170 MiB;117 MiB
08.01.2025 16:10;66.2 MiB;143 MiB;30.8 MiB;289 MiB;170 MiB;25.8 MiB
08.01.2025 16:11;66.2 MiB;151 MiB;27.1 MiB;289 MiB;170 MiB;164 MiB
08.01.2025 16:12;69.1 MiB;143 MiB;27.1 MiB;289 MiB;170 MiB;23.3 MiB
08.01.2025 16:13;69.1 MiB;249 MiB;26.6 MiB;289 MiB;170 MiB;180 MiB
08.01.2025 16:14;67.6 MiB;143 MiB;25.6 MiB;289 MiB;170 MiB;24.8 MiB
08.01.2025 16:15;67.7 MiB;281 MiB;26.1 MiB;289 MiB;170 MiB;189 MiB
08.01.2025 16:16;66.9 MiB;143 MiB;23.6 MiB;289 MiB;170 MiB;24.8 MiB
08.01.2025 16:17;66.9 MiB;320 MiB;27.2 MiB;289 MiB;170 MiB;203 MiB
08.01.2025 16:18;73.6 MiB;143 MiB;27.1 MiB;289 MiB;170 MiB;25.8 MiB
08.01.2025 16:19;73.9 MiB;143 MiB;26.7 MiB;289 MiB;170 MiB;27.0 MiB
08.01.2025 16:20;67.1 MiB;143 MiB;26.1 MiB;289 MiB;170 MiB;24.3 MiB
08.01.2025 16:21;67.1 MiB;179 MiB;28.7 MiB;289 MiB;170 MiB;61.9 MiB
08.01.2025 16:22;65.6 MiB;143 MiB;29.0 MiB;289 MiB;170 MiB;25.8 MiB
08.01.2025 16:23;65.7 MiB;260 MiB;28.6 MiB;289 MiB;170 MiB;83.8 MiB
08.01.2025 16:24;70.9 MiB;143 MiB;28.6 MiB;289 MiB;170 MiB;24.5 MiB
08.01.2025 16:25;62.4 MiB;321 MiB;26.7 MiB;291 MiB;170 MiB;122 MiB
08.01.2025 16:26;69.6 MiB;143 MiB;26.2 MiB;291 MiB;170 MiB;23.8 MiB
08.01.2025 16:27;69.6 MiB;203 MiB;26.1 MiB;291 MiB;170 MiB;153 MiB
08.01.2025 16:28;67.5 MiB;143 MiB;26.1 MiB;291 MiB;170 MiB;25.7 MiB
08.01.2025 16:29;67.5 MiB;320 MiB;31.6 MiB;291 MiB;170 MiB;163 MiB
08.01.2025 16:30;65.5 MiB;143 MiB;31.1 MiB;291 MiB;170 MiB;24.3 MiB
08.01.2025 16:31;65.9 MiB;144 MiB;26.1 MiB;291 MiB;170 MiB;203 MiB
08.01.2025 16:32;69.1 MiB;143 MiB;25.1 MiB;292 MiB;170 MiB;25.5 MiB
08.01.2025 16:33;69.1 MiB;210 MiB;26.7 MiB;291 MiB;170 MiB;60.7 MiB
08.01.2025 16:34;65.1 MiB;143 MiB;26.6 MiB;291 MiB;170 MiB;25.3 MiB
08.01.2025 16:35;64.7 MiB;240 MiB;26.2 MiB;291 MiB;170 MiB;98.8 MiB
08.01.2025 16:36;67.2 MiB;143 MiB;25.1 MiB;292 MiB;170 MiB;26.3 MiB
08.01.2025 16:37;67.2 MiB;320 MiB;27.1 MiB;292 MiB;170 MiB;82.4 MiB
08.01.2025 16:38;69.1 MiB;143 MiB;26.1 MiB;292 MiB;170 MiB;25.3 MiB
08.01.2025 16:39;69.1 MiB;144 MiB;26.3 MiB;292 MiB;170 MiB;110 MiB
08.01.2025 16:40;65.1 MiB;143 MiB;24.5 MiB;292 MiB;170 MiB;24.8 MiB
08.01.2025 16:41;65.2 MiB;232 MiB;27.5 MiB;292 MiB;170 MiB;178 MiB
08.01.2025 16:42;70.2 MiB;143 MiB;25.0 MiB;292 MiB;170 MiB;22.3 MiB
08.01.2025 16:43;70.3 MiB;310 MiB;27.1 MiB;292 MiB;170 MiB;181 MiB
08.01.2025 16:44;64.1 MiB;143 MiB;25.1 MiB;292 MiB;170 MiB;25.3 MiB
08.01.2025 16:45;64.4 MiB;143 MiB;27.1 MiB;294 MiB;170 MiB;23.3 MiB
08.01.2025 16:46;71.7 MiB;143 MiB;27.1 MiB;294 MiB;170 MiB;25.8 MiB
08.01.2025 16:47;71.2 MiB;230 MiB;26.6 MiB;294 MiB;170 MiB;25.3 MiB
08.01.2025 16:48;67.4 MiB;143 MiB;26.1 MiB;294 MiB;170 MiB;25.8 MiB
08.01.2025 16:49;67.5 MiB;301 MiB;27.6 MiB;294 MiB;170 MiB;36.9 MiB
08.01.2025 16:50;64.4 MiB;143 MiB;27.1 MiB;294 MiB;170 MiB;23.2 MiB
08.01.2025 16:51;63.9 MiB;320 MiB;27.6 MiB;294 MiB;170 MiB;85.9 MiB
08.01.2025 16:52;72.9 MiB;143 MiB;27.9 MiB;294 MiB;170 MiB;25.9 MiB
08.01.2025 16:53;61.4 MiB;175 MiB;28.7 MiB;294 MiB;170 MiB;110 MiB
08.01.2025 16:54;63.6 MiB;143 MiB;28.6 MiB;294 MiB;170 MiB;25.3 MiB
08.01.2025 16:55;64.4 MiB;268 MiB;26.6 MiB;294 MiB;170 MiB;151 MiB
08.01.2025 16:56;68.6 MiB;143 MiB;26.6 MiB;294 MiB;170 MiB;25.2 MiB
08.01.2025 16:57;68.7 MiB;321 MiB;26.9 MiB;294 MiB;170 MiB;176 MiB
08.01.2025 16:58;65.6 MiB;143 MiB;27.2 MiB;294 MiB;170 MiB;26.3 MiB
08.01.2025 16:59;64.6 MiB;144 MiB;27.2 MiB;294 MiB;170 MiB;203 MiB
08.01.2025 17:00;64.1 MiB;143 MiB;26.6 MiB;294 MiB;170 MiB;25.7 MiB
08.01.2025 17:01;64.1 MiB;241 MiB;26.6 MiB;294 MiB;170 MiB;23.7 MiB
08.01.2025 17:02;62.6 MiB;143 MiB;26.6 MiB;294 MiB;170 MiB;24.3 MiB
08.01.2025 17:03;61.1 MiB;321 MiB;36.2 MiB;294 MiB;170 MiB;83.3 MiB
08.01.2025 17:04;68.1 MiB;143 MiB;36.2 MiB;294 MiB;170 MiB;23.6 MiB
08.01.2025 17:05;68.1 MiB;143 MiB;29.7 MiB;294 MiB;170 MiB;126 MiB
08.01.2025 17:06;69.5 MiB;143 MiB;30.3 MiB;294 MiB;170 MiB;24.2 MiB
08.01.2025 17:07;69.4 MiB;167 MiB;26.1 MiB;296 MiB;170 MiB;169 MiB
08.01.2025 17:08;67.2 MiB;143 MiB;25.1 MiB;296 MiB;170 MiB;25.3 MiB
08.01.2025 17:09;67.2 MiB;268 MiB;27.2 MiB;296 MiB;170 MiB;203 MiB
08.01.2025 17:10;70.2 MiB;143 MiB;26.6 MiB;296 MiB;170 MiB;25.4 MiB
08.01.2025 17:11;71.5 MiB;321 MiB;26.2 MiB;296 MiB;170 MiB;203 MiB
08.01.2025 17:12;68.6 MiB;143 MiB;26.1 MiB;296 MiB;170 MiB;25.8 MiB
08.01.2025 17:13;68.6 MiB;177 MiB;26.3 MiB;296 MiB;170 MiB;31.1 MiB
08.01.2025 17:14;67.6 MiB;143 MiB;25.7 MiB;296 MiB;170 MiB;22.8 MiB
08.01.2025 17:15;69.9 MiB;304 MiB;28.2 MiB;296 MiB;170 MiB;57.7 MiB
08.01.2025 17:16;69.2 MiB;143 MiB;28.2 MiB;296 MiB;170 MiB;23.8 MiB
08.01.2025 17:17;69.3 MiB;321 MiB;25.3 MiB;296 MiB;170 MiB;92.9 MiB
08.01.2025 17:18;65.1 MiB;143 MiB;25.7 MiB;296 MiB;170 MiB;24.8 MiB
08.01.2025 17:19;65.6 MiB;179 MiB;28.1 MiB;296 MiB;170 MiB;137 MiB
08.01.2025 17:20;67.2 MiB;143 MiB;27.6 MiB;296 MiB;170 MiB;28.8 MiB
08.01.2025 17:21;67.2 MiB;221 MiB;26.6 MiB;298 MiB;170 MiB;154 MiB
08.01.2025 17:22;72.1 MiB;144 MiB;26.1 MiB;298 MiB;170 MiB;24.9 MiB
08.01.2025 17:23;61.5 MiB;321 MiB;25.8 MiB;298 MiB;170 MiB;212 MiB
08.01.2025 17:24;66.6 MiB;143 MiB;26.0 MiB;298 MiB;170 MiB;34.4 MiB
08.01.2025 17:25;60.4 MiB;183 MiB;28.1 MiB;298 MiB;170 MiB;33.1 MiB
08.01.2025 17:26;66.4 MiB;143 MiB;28.4 MiB;298 MiB;170 MiB;26.3 MiB
08.01.2025 17:27;66.4 MiB;250 MiB;28.5 MiB;298 MiB;170 MiB;54.4 MiB
08.01.2025 17:28;66.2 MiB;143 MiB;27.0 MiB;298 MiB;170 MiB;25.3 MiB
08.01.2025 17:29;65.8 MiB;321 MiB;25.2 MiB;298 MiB;170 MiB;84.2 MiB
08.01.2025 17:30;71.1 MiB;143 MiB;24.1 MiB;298 MiB;170 MiB;25.2 MiB
08.01.2025 17:31;63.4 MiB;152 MiB;27.1 MiB;298 MiB;170 MiB;97.7 MiB
08.01.2025 17:32;69.1 MiB;143 MiB;27.1 MiB;298 MiB;170 MiB;25.6 MiB
08.01.2025 17:33;69.1 MiB;202 MiB;26.1 MiB;298 MiB;170 MiB;142 MiB
08.01.2025 17:34;71.1 MiB;143 MiB;24.1 MiB;298 MiB;170 MiB;25.3 MiB
08.01.2025 17:35;71.2 MiB;306 MiB;26.6 MiB;298 MiB;170 MiB;167 MiB
08.01.2025 17:36;68.7 MiB;143 MiB;26.6 MiB;298 MiB;170 MiB;24.3 MiB
08.01.2025 17:37;68.7 MiB;174 MiB;26.6 MiB;298 MiB;170 MiB;202 MiB
08.01.2025 17:38;68.4 MiB;144 MiB;26.6 MiB;298 MiB;170 MiB;23.3 MiB
08.01.2025 17:39;67.9 MiB;293 MiB;26.6 MiB;298 MiB;170 MiB;26.3 MiB
08.01.2025 17:40;68.6 MiB;144 MiB;26.6 MiB;299 MiB;170 MiB;25.3 MiB
08.01.2025 17:41;69.0 MiB;321 MiB;26.7 MiB;298 MiB;170 MiB;51.6 MiB
08.01.2025 17:42;74.2 MiB;143 MiB;26.6 MiB;298 MiB;170 MiB;25.4 MiB
08.01.2025 17:43;74.2 MiB;211 MiB;27.6 MiB;298 MiB;170 MiB;99.1 MiB
08.01.2025 17:44;67.6 MiB;144 MiB;27.6 MiB;298 MiB;170 MiB;24.8 MiB
08.01.2025 17:45;67.7 MiB;321 MiB;26.2 MiB;299 MiB;170 MiB;101 MiB
08.01.2025 17:46;68.3 MiB;143 MiB;26.2 MiB;299 MiB;170 MiB;22.8 MiB
08.01.2025 17:47;68.5 MiB;143 MiB;31.7 MiB;299 MiB;170 MiB;133 MiB
08.01.2025 17:48;70.1 MiB;144 MiB;31.2 MiB;299 MiB;170 MiB;28.3 MiB
08.01.2025 17:49;62.9 MiB;205 MiB;26.6 MiB;299 MiB;170 MiB;167 MiB
08.01.2025 17:50;67.3 MiB;144 MiB;26.6 MiB;299 MiB;170 MiB;24.8 MiB
08.01.2025 17:51;67.3 MiB;294 MiB;26.1 MiB;299 MiB;170 MiB;203 MiB
08.01.2025 17:52;72.6 MiB;144 MiB;26.1 MiB;299 MiB;170 MiB;25.8 MiB
08.01.2025 17:53;63.9 MiB;144 MiB;33.7 MiB;299 MiB;170 MiB;24.9 MiB
08.01.2025 17:54;69.1 MiB;144 MiB;33.1 MiB;299 MiB;170 MiB;24.8 MiB
08.01.2025 17:55;69.1 MiB;179 MiB;26.6 MiB;300 MiB;170 MiB;25.0 MiB
08.01.2025 17:56;67.1 MiB;144 MiB;25.6 MiB;300 MiB;170 MiB;25.3 MiB
08.01.2025 17:57;67.1 MiB;321 MiB;27.2 MiB;300 MiB;170 MiB;50.6 MiB
08.01.2025 17:58;67.2 MiB;144 MiB;27.2 MiB;300 MiB;170 MiB;23.3 MiB
08.01.2025 17:59;67.2 MiB;149 MiB;27.6 MiB;300 MiB;170 MiB;122 MiB
08.01.2025 18:00;64.6 MiB;144 MiB;28.2 MiB;300 MiB;170 MiB;26.8 MiB
08.01.2025 18:01;64.7 MiB;215 MiB;26.5 MiB;300 MiB;170 MiB;156 MiB
08.01.2025 18:02;63.1 MiB;144 MiB;26.9 MiB;300 MiB;170 MiB;27.4 MiB
08.01.2025 18:03;63.1 MiB;321 MiB;29.1 MiB;300 MiB;170 MiB;203 MiB
08.01.2025 18:04;65.1 MiB;144 MiB;29.4 MiB;300 MiB;170 MiB;25.4 MiB
08.01.2025 18:05;65.2 MiB;158 MiB;27.2 MiB;303 MiB;170 MiB;26.3 MiB
08.01.2025 18:06;69.9 MiB;144 MiB;26.7 MiB;303 MiB;170 MiB;24.4 MiB
08.01.2025 18:07;63.4 MiB;205 MiB;26.7 MiB;303 MiB;170 MiB;44.6 MiB
08.01.2025 18:08;68.0 MiB;144 MiB;26.2 MiB;303 MiB;170 MiB;25.9 MiB
08.01.2025 18:09;68.4 MiB;307 MiB;26.5 MiB;303 MiB;170 MiB;77.6 MiB
08.01.2025 18:10;66.1 MiB;144 MiB;26.6 MiB;303 MiB;170 MiB;25.4 MiB
08.01.2025 18:11;66.1 MiB;321 MiB;27.8 MiB;303 MiB;170 MiB;136 MiB
08.01.2025 18:12;65.8 MiB;144 MiB;27.6 MiB;303 MiB;170 MiB;24.4 MiB
08.01.2025 18:13;65.9 MiB;265 MiB;28.3 MiB;306 MiB;170 MiB;188 MiB
08.01.2025 18:14;71.1 MiB;144 MiB;27.7 MiB;306 MiB;170 MiB;25.9 MiB
08.01.2025 18:15;62.4 MiB;321 MiB;33.5 MiB;306 MiB;170 MiB;24.3 MiB
08.01.2025 18:16;65.7 MiB;144 MiB;34.0 MiB;306 MiB;170 MiB;25.1 MiB
08.01.2025 18:17;65.7 MiB;206 MiB;27.7 MiB;306 MiB;170 MiB;52.1 MiB
08.01.2025 18:18;65.2 MiB;144 MiB;27.2 MiB;306 MiB;170 MiB;25.4 MiB
08.01.2025 18:19;65.2 MiB;293 MiB;27.1 MiB;306 MiB;170 MiB;65.1 MiB
08.01.2025 18:20;66.6 MiB;144 MiB;27.1 MiB;306 MiB;170 MiB;26.4 MiB
08.01.2025 18:21;66.6 MiB;144 MiB;26.1 MiB;306 MiB;170 MiB;111 MiB
08.01.2025 18:22;64.5 MiB;144 MiB;26.1 MiB;306 MiB;170 MiB;23.4 MiB
08.01.2025 18:23;64.5 MiB;179 MiB;27.7 MiB;306 MiB;170 MiB;173 MiB
08.01.2025 18:24;68.1 MiB;144 MiB;27.6 MiB;306 MiB;170 MiB;24.7 MiB
08.01.2025 18:25;67.6 MiB;302 MiB;26.1 MiB;306 MiB;170 MiB;25.0 MiB
08.01.2025 18:26;70.3 MiB;144 MiB;25.6 MiB;306 MiB;170 MiB;25.4 MiB
08.01.2025 18:27;70.3 MiB;321 MiB;27.5 MiB;306 MiB;170 MiB;85.3 MiB
08.01.2025 18:28;63.1 MiB;144 MiB;28.0 MiB;306 MiB;170 MiB;26.1 MiB
08.01.2025 18:29;63.2 MiB;234 MiB;26.7 MiB;306 MiB;170 MiB;102 MiB
08.01.2025 18:30;62.2 MiB;144 MiB;26.7 MiB;306 MiB;170 MiB;24.4 MiB
08.01.2025 18:31;62.2 MiB;293 MiB;28.0 MiB;306 MiB;170 MiB;164 MiB
08.01.2025 18:32;65.6 MiB;144 MiB;28.2 MiB;306 MiB;170 MiB;24.6 MiB
08.01.2025 18:33;65.7 MiB;144 MiB;27.0 MiB;306 MiB;170 MiB;204 MiB
08.01.2025 18:34;65.7 MiB;144 MiB;26.9 MiB;304 MiB;170 MiB;25.0 MiB
08.01.2025 18:35;66.1 MiB;266 MiB;25.6 MiB;303 MiB;170 MiB;23.0 MiB
08.01.2025 18:36;69.0 MiB;144 MiB;25.6 MiB;303 MiB;170 MiB;25.9 MiB
08.01.2025 18:37;69.0 MiB;144 MiB;26.9 MiB;303 MiB;170 MiB;53.3 MiB
08.01.2025 18:38;65.7 MiB;144 MiB;27.3 MiB;303 MiB;170 MiB;23.9 MiB
08.01.2025 18:39;65.8 MiB;187 MiB;27.7 MiB;303 MiB;170 MiB;80.5 MiB
08.01.2025 18:40;68.4 MiB;144 MiB;27.2 MiB;303 MiB;170 MiB;24.9 MiB
08.01.2025 18:41;69.8 MiB;297 MiB;26.7 MiB;303 MiB;170 MiB;130 MiB
08.01.2025 18:42;66.1 MiB;144 MiB;26.2 MiB;303 MiB;170 MiB;25.8 MiB
08.01.2025 18:43;66.1 MiB;321 MiB;26.1 MiB;303 MiB;170 MiB;136 MiB
08.01.2025 18:44;65.9 MiB;144 MiB;26.1 MiB;303 MiB;170 MiB;25.6 MiB
08.01.2025 18:45;66.2 MiB;213 MiB;32.2 MiB;303 MiB;170 MiB;184 MiB
08.01.2025 18:46;67.3 MiB;144 MiB;32.2 MiB;303 MiB;170 MiB;24.9 MiB
08.01.2025 18:47;67.6 MiB;280 MiB;29.0 MiB;303 MiB;170 MiB;204 MiB
08.01.2025 18:48;63.6 MiB;144 MiB;30.0 MiB;303 MiB;170 MiB;22.7 MiB
08.01.2025 18:49;63.6 MiB;321 MiB;26.8 MiB;303 MiB;170 MiB;39.1 MiB
08.01.2025 18:50;70.5 MiB;144 MiB;26.8 MiB;304 MiB;170 MiB;25.9 MiB
08.01.2025 18:51;70.6 MiB;187 MiB;27.6 MiB;303 MiB;170 MiB;65.9 MiB
08.01.2025 18:52;66.7 MiB;144 MiB;27.5 MiB;303 MiB;170 MiB;25.9 MiB
08.01.2025 18:53;67.0 MiB;297 MiB;26.9 MiB;303 MiB;170 MiB;96.5 MiB
08.01.2025 18:54;70.2 MiB;144 MiB;26.9 MiB;303 MiB;170 MiB;25.4 MiB
08.01.2025 18:55;71.3 MiB;144 MiB;27.1 MiB;303 MiB;170 MiB;146 MiB
08.01.2025 18:56;69.1 MiB;144 MiB;27.1 MiB;303 MiB;170 MiB;24.9 MiB
08.01.2025 18:57;69.2 MiB;182 MiB;26.8 MiB;303 MiB;170 MiB;203 MiB
08.01.2025 18:58;69.1 MiB;144 MiB;26.8 MiB;303 MiB;170 MiB;25.4 MiB
08.01.2025 18:59;68.6 MiB;275 MiB;26.1 MiB;303 MiB;170 MiB;22.8 MiB
08.01.2025 19:00;71.9 MiB;144 MiB;24.6 MiB;303 MiB;170 MiB;26.4 MiB
08.01.2025 19:01;72.0 MiB;321 MiB;27.2 MiB;303 MiB;170 MiB;52.6 MiB
08.01.2025 19:02;68.5 MiB;144 MiB;27.2 MiB;303 MiB;170 MiB;22.9 MiB
08.01.2025 19:03;68.7 MiB;153 MiB;27.7 MiB;303 MiB;170 MiB;101 MiB
08.01.2025 19:04;70.5 MiB;144 MiB;27.1 MiB;303 MiB;170 MiB;24.9 MiB
08.01.2025 19:05;71.0 MiB;321 MiB;26.7 MiB;303 MiB;170 MiB;151 MiB
08.01.2025 19:06;64.3 MiB;144 MiB;27.1 MiB;303 MiB;170 MiB;25.9 MiB
08.01.2025 19:07;64.3 MiB;161 MiB;27.1 MiB;303 MiB;170 MiB;188 MiB
08.01.2025 19:08;67.5 MiB;144 MiB;27.1 MiB;303 MiB;170 MiB;26.9 MiB
08.01.2025 19:09;67.2 MiB;287 MiB;42.5 MiB;303 MiB;170 MiB;26.4 MiB
08.01.2025 19:10;65.5 MiB;144 MiB;42.5 MiB;303 MiB;170 MiB;24.6 MiB
08.01.2025 19:11;66.0 MiB;144 MiB;26.7 MiB;303 MiB;170 MiB;60.4 MiB
08.01.2025 19:12;72.1 MiB;144 MiB;26.2 MiB;303 MiB;170 MiB;24.9 MiB
08.01.2025 19:13;72.2 MiB;250 MiB;28.3 MiB;303 MiB;170 MiB;142 MiB
08.01.2025 19:14;66.1 MiB;144 MiB;27.7 MiB;303 MiB;170 MiB;25.4 MiB
08.01.2025 19:15;66.4 MiB;321 MiB;27.2 MiB;303 MiB;170 MiB;203 MiB
08.01.2025 19:16;68.3 MiB;144 MiB;27.4 MiB;303 MiB;170 MiB;25.1 MiB
08.01.2025 19:17;69.1 MiB;144 MiB;28.0 MiB;303 MiB;170 MiB;24.1 MiB
08.01.2025 19:18;69.1 MiB;144 MiB;27.9 MiB;303 MiB;170 MiB;28.4 MiB
08.01.2025 19:19;69.1 MiB;179 MiB;25.6 MiB;303 MiB;170 MiB;42.4 MiB
08.01.2025 19:20;68.1 MiB;144 MiB;25.6 MiB;303 MiB;170 MiB;23.4 MiB
08.01.2025 19:21;68.1 MiB;296 MiB;27.1 MiB;303 MiB;170 MiB;91.8 MiB
08.01.2025 19:22;69.2 MiB;144 MiB;27.1 MiB;303 MiB;170 MiB;25.7 MiB
08.01.2025 19:23;68.7 MiB;321 MiB;26.7 MiB;303 MiB;170 MiB;137 MiB
08.01.2025 19:24;66.6 MiB;144 MiB;26.7 MiB;303 MiB;170 MiB;24.9 MiB
08.01.2025 19:25;66.6 MiB;179 MiB;28.4 MiB;303 MiB;170 MiB;193 MiB
08.01.2025 19:26;68.4 MiB;144 MiB;28.4 MiB;304 MiB;170 MiB;25.0 MiB
08.01.2025 19:27;68.4 MiB;262 MiB;25.7 MiB;303 MiB;170 MiB;203 MiB
08.01.2025 19:28;70.5 MiB;144 MiB;24.4 MiB;303 MiB;170 MiB;24.4 MiB
08.01.2025 19:29;70.5 MiB;322 MiB;26.7 MiB;303 MiB;170 MiB;60.2 MiB
08.01.2025 19:30;65.8 MiB;144 MiB;26.6 MiB;303 MiB;170 MiB;26.4 MiB
08.01.2025 19:31;65.8 MiB;200 MiB;25.7 MiB;303 MiB;170 MiB;91.7 MiB
08.01.2025 19:32;68.1 MiB;144 MiB;25.7 MiB;303 MiB;170 MiB;25.4 MiB
08.01.2025 19:33;68.2 MiB;297 MiB;31.9 MiB;303 MiB;170 MiB;129 MiB
08.01.2025 19:34;64.1 MiB;144 MiB;32.8 MiB;303 MiB;170 MiB;25.4 MiB
08.01.2025 19:35;64.7 MiB;144 MiB;26.8 MiB;303 MiB;170 MiB;200 MiB
08.01.2025 19:36;69.4 MiB;144 MiB;26.3 MiB;303 MiB;170 MiB;24.9 MiB
08.01.2025 19:37;69.1 MiB;215 MiB;27.9 MiB;303 MiB;170 MiB;204 MiB
08.01.2025 19:38;65.4 MiB;144 MiB;28.3 MiB;303 MiB;170 MiB;22.9 MiB
08.01.2025 19:39;65.2 MiB;260 MiB;26.7 MiB;303 MiB;170 MiB;23.1 MiB
08.01.2025 19:40;65.7 MiB;144 MiB;26.2 MiB;303 MiB;170 MiB;22.9 MiB
08.01.2025 19:41;65.2 MiB;321 MiB;29.4 MiB;303 MiB;170 MiB;66.2 MiB
08.01.2025 19:42;64.8 MiB;144 MiB;29.5 MiB;303 MiB;170 MiB;25.4 MiB
08.01.2025 19:43;64.9 MiB;177 MiB;25.9 MiB;305 MiB;170 MiB;164 MiB
08.01.2025 19:44;67.6 MiB;144 MiB;24.8 MiB;305 MiB;170 MiB;35.7 MiB
08.01.2025 19:45;67.6 MiB;265 MiB;28.4 MiB;305 MiB;170 MiB;166 MiB
08.01.2025 19:46;68.1 MiB;144 MiB;25.4 MiB;305 MiB;170 MiB;26.3 MiB
08.01.2025 19:47;60.4 MiB;322 MiB;26.7 MiB;305 MiB;170 MiB;188 MiB
08.01.2025 19:48;66.7 MiB;144 MiB;26.7 MiB;305 MiB;170 MiB;24.4 MiB
08.01.2025 19:49;66.7 MiB;172 MiB;32.3 MiB;305 MiB;170 MiB;203 MiB
08.01.2025 19:50;65.1 MiB;144 MiB;32.3 MiB;305 MiB;170 MiB;24.9 MiB
08.01.2025 19:51;65.1 MiB;288 MiB;25.7 MiB;305 MiB;170 MiB;65.9 MiB
08.01.2025 19:52;67.2 MiB;144 MiB;25.7 MiB;305 MiB;170 MiB;23.4 MiB
08.01.2025 19:53;60.4 MiB;321 MiB;32.3 MiB;305 MiB;170 MiB;97.5 MiB
08.01.2025 19:54;65.3 MiB;144 MiB;32.3 MiB;305 MiB;170 MiB;25.4 MiB
08.01.2025 19:55;64.8 MiB;197 MiB;27.7 MiB;305 MiB;170 MiB;186 MiB
08.01.2025 19:56;64.6 MiB;144 MiB;27.2 MiB;305 MiB;170 MiB;25.4 MiB
08.01.2025 19:57;64.6 MiB;321 MiB;27.2 MiB;305 MiB;170 MiB;203 MiB
08.01.2025 19:58;68.2 MiB;144 MiB;27.2 MiB;305 MiB;170 MiB;26.0 MiB
08.01.2025 19:59;68.2 MiB;144 MiB;27.2 MiB;306 MiB;170 MiB;75.4 MiB
08.01.2025 20:00;72.0 MiB;144 MiB;26.7 MiB;306 MiB;170 MiB;25.4 MiB
08.01.2025 20:01;71.5 MiB;197 MiB;30.7 MiB;306 MiB;170 MiB;78.3 MiB
08.01.2025 20:02;73.6 MiB;144 MiB;30.8 MiB;306 MiB;170 MiB;23.9 MiB
08.01.2025 20:03;73.1 MiB;321 MiB;27.2 MiB;306 MiB;170 MiB;109 MiB
08.01.2025 20:04;68.6 MiB;144 MiB;26.7 MiB;304 MiB;170 MiB;25.3 MiB
08.01.2025 20:05;68.7 MiB;144 MiB;34.7 MiB;304 MiB;170 MiB;177 MiB
08.01.2025 20:06;74.2 MiB;144 MiB;34.7 MiB;304 MiB;170 MiB;24.9 MiB
08.01.2025 20:07;74.2 MiB;289 MiB;27.2 MiB;304 MiB;170 MiB;203 MiB
08.01.2025 20:08;66.2 MiB;144 MiB;25.1 MiB;304 MiB;170 MiB;25.4 MiB
08.01.2025 20:09;66.2 MiB;321 MiB;27.9 MiB;304 MiB;170 MiB;27.1 MiB
08.01.2025 20:10;71.2 MiB;144 MiB;27.3 MiB;304 MiB;170 MiB;24.9 MiB
08.01.2025 20:11;63.4 MiB;197 MiB;26.3 MiB;304 MiB;170 MiB;66.0 MiB
08.01.2025 20:12;69.6 MiB;144 MiB;26.3 MiB;304 MiB;170 MiB;28.7 MiB
08.01.2025 20:13;61.8 MiB;322 MiB;27.2 MiB;304 MiB;170 MiB;124 MiB
08.01.2025 20:14;70.8 MiB;144 MiB;26.2 MiB;304 MiB;170 MiB;25.4 MiB
08.01.2025 20:15;64.4 MiB;144 MiB;34.2 MiB;304 MiB;170 MiB;198 MiB
08.01.2025 20:16;66.1 MiB;144 MiB;33.7 MiB;304 MiB;170 MiB;25.9 MiB
08.01.2025 20:17;66.1 MiB;251 MiB;25.7 MiB;304 MiB;170 MiB;203 MiB
08.01.2025 20:18;71.0 MiB;144 MiB;24.7 MiB;304 MiB;170 MiB;24.9 MiB
08.01.2025 20:19;71.6 MiB;321 MiB;26.7 MiB;304 MiB;170 MiB;84.7 MiB
08.01.2025 20:20;66.6 MiB;144 MiB;26.7 MiB;304 MiB;170 MiB;26.4 MiB
08.01.2025 20:21;66.7 MiB;187 MiB;25.7 MiB;304 MiB;170 MiB;126 MiB
08.01.2025 20:22;64.7 MiB;144 MiB;25.2 MiB;304 MiB;170 MiB;25.4 MiB
08.01.2025 20:23;64.7 MiB;321 MiB;26.7 MiB;304 MiB;170 MiB;135 MiB
08.01.2025 20:24;66.1 MiB;144 MiB;25.9 MiB;304 MiB;170 MiB;25.9 MiB
08.01.2025 20:25;66.2 MiB;144 MiB;26.7 MiB;304 MiB;170 MiB;206 MiB
08.01.2025 20:26;70.9 MiB;144 MiB;26.7 MiB;304 MiB;170 MiB;23.0 MiB
08.01.2025 20:27;70.4 MiB;251 MiB;26.2 MiB;304 MiB;170 MiB;203 MiB
08.01.2025 20:28;66.6 MiB;144 MiB;26.2 MiB;304 MiB;170 MiB;25.5 MiB
08.01.2025 20:29;66.6 MiB;321 MiB;26.7 MiB;304 MiB;170 MiB;46.7 MiB
08.01.2025 20:30;67.1 MiB;144 MiB;26.7 MiB;304 MiB;170 MiB;25.4 MiB
08.01.2025 20:31;67.1 MiB;172 MiB;31.8 MiB;304 MiB;170 MiB;124 MiB
08.01.2025 20:32;65.5 MiB;144 MiB;31.2 MiB;304 MiB;170 MiB;22.9 MiB
08.01.2025 20:33;65.7 MiB;250 MiB;29.4 MiB;304 MiB;170 MiB;156 MiB
08.01.2025 20:34;69.3 MiB;144 MiB;29.4 MiB;305 MiB;170 MiB;24.6 MiB
08.01.2025 20:35;69.1 MiB;322 MiB;26.7 MiB;304 MiB;170 MiB;193 MiB
08.01.2025 20:36;66.8 MiB;144 MiB;26.7 MiB;304 MiB;170 MiB;25.8 MiB
08.01.2025 20:37;67.1 MiB;156 MiB;26.7 MiB;304 MiB;170 MiB;204 MiB
08.01.2025 20:38;63.6 MiB;144 MiB;26.7 MiB;304 MiB;170 MiB;23.0 MiB
08.01.2025 20:39;63.7 MiB;293 MiB;26.2 MiB;304 MiB;170 MiB;22.9 MiB
08.01.2025 20:40;66.0 MiB;144 MiB;25.2 MiB;304 MiB;170 MiB;25.2 MiB
08.01.2025 20:41;66.1 MiB;322 MiB;27.7 MiB;304 MiB;170 MiB;41.0 MiB
08.01.2025 20:42;70.9 MiB;144 MiB;27.7 MiB;304 MiB;170 MiB;26.4 MiB
08.01.2025 20:43;71.2 MiB;213 MiB;26.2 MiB;304 MiB;170 MiB;109 MiB
08.01.2025 20:44;72.1 MiB;144 MiB;25.2 MiB;304 MiB;170 MiB;24.2 MiB
08.01.2025 20:45;71.7 MiB;316 MiB;26.7 MiB;304 MiB;170 MiB;134 MiB
08.01.2025 20:46;66.1 MiB;144 MiB;26.7 MiB;304 MiB;170 MiB;23.9 MiB
08.01.2025 20:47;66.1 MiB;144 MiB;27.8 MiB;304 MiB;170 MiB;192 MiB
08.01.2025 20:48;65.6 MiB;144 MiB;28.1 MiB;305 MiB;170 MiB;25.1 MiB
08.01.2025 20:49;65.6 MiB;256 MiB;27.2 MiB;304 MiB;170 MiB;201 MiB
08.01.2025 20:50;63.6 MiB;144 MiB;26.1 MiB;304 MiB;170 MiB;23.9 MiB
08.01.2025 20:51;62.6 MiB;144 MiB;26.8 MiB;305 MiB;170 MiB;26.4 MiB
08.01.2025 20:52;70.1 MiB;144 MiB;26.7 MiB;304 MiB;170 MiB;25.8 MiB
08.01.2025 20:53;70.2 MiB;180 MiB;27.2 MiB;304 MiB;170 MiB;47.3 MiB
08.01.2025 20:54;65.1 MiB;144 MiB;26.6 MiB;305 MiB;170 MiB;24.9 MiB
08.01.2025 20:55;65.1 MiB;262 MiB;26.1 MiB;304 MiB;170 MiB;100 MiB
08.01.2025 20:56;67.2 MiB;144 MiB;26.4 MiB;304 MiB;170 MiB;25.0 MiB
08.01.2025 20:57;67.2 MiB;322 MiB;27.3 MiB;304 MiB;170 MiB;127 MiB
08.01.2025 20:58;66.2 MiB;144 MiB;27.2 MiB;305 MiB;170 MiB;23.4 MiB
08.01.2025 20:59;66.3 MiB;151 MiB;25.7 MiB;304 MiB;170 MiB;145 MiB
08.01.2025 21:00;68.6 MiB;144 MiB;24.7 MiB;305 MiB;170 MiB;24.9 MiB
08.01.2025 21:01;68.1 MiB;251 MiB;27.6 MiB;304 MiB;170 MiB;172 MiB
08.01.2025 21:02;68.1 MiB;144 MiB;26.6 MiB;305 MiB;170 MiB;26.4 MiB
08.01.2025 21:03;68.1 MiB;322 MiB;26.7 MiB;304 MiB;170 MiB;204 MiB
08.01.2025 21:04;68.9 MiB;144 MiB;26.7 MiB;305 MiB;170 MiB;26.4 MiB
08.01.2025 21:05;69.2 MiB;236 MiB;30.5 MiB;304 MiB;170 MiB;24.9 MiB
08.01.2025 21:06;69.1 MiB;144 MiB;30.4 MiB;305 MiB;170 MiB;26.5 MiB
08.01.2025 21:07;69.1 MiB;321 MiB;27.2 MiB;304 MiB;170 MiB;55.6 MiB
08.01.2025 21:08;65.1 MiB;144 MiB;27.2 MiB;305 MiB;170 MiB;26.0 MiB
08.01.2025 21:09;65.5 MiB;180 MiB;25.7 MiB;304 MiB;170 MiB;89.6 MiB
08.01.2025 21:10;69.1 MiB;144 MiB;24.2 MiB;305 MiB;170 MiB;27.2 MiB
08.01.2025 21:11;69.1 MiB;322 MiB;28.8 MiB;304 MiB;170 MiB;131 MiB
08.01.2025 21:12;73.1 MiB;144 MiB;28.2 MiB;305 MiB;170 MiB;25.9 MiB
08.01.2025 21:13;73.2 MiB;144 MiB;28.3 MiB;304 MiB;170 MiB;198 MiB
08.01.2025 21:14;66.1 MiB;144 MiB;29.2 MiB;305 MiB;170 MiB;24.3 MiB
08.01.2025 21:15;66.2 MiB;229 MiB;26.6 MiB;304 MiB;170 MiB;24.4 MiB
08.01.2025 21:16;68.9 MiB;144 MiB;26.8 MiB;305 MiB;170 MiB;25.5 MiB
08.01.2025 21:17;68.2 MiB;321 MiB;26.7 MiB;304 MiB;170 MiB;35.6 MiB
08.01.2025 21:18;65.1 MiB;144 MiB;26.7 MiB;305 MiB;170 MiB;25.4 MiB
08.01.2025 21:19;64.7 MiB;193 MiB;27.7 MiB;304 MiB;170 MiB;78.4 MiB
08.01.2025 21:20;68.6 MiB;144 MiB;27.6 MiB;305 MiB;170 MiB;25.0 MiB
08.01.2025 21:21;67.6 MiB;302 MiB;27.7 MiB;304 MiB;170 MiB;133 MiB
08.01.2025 21:22;69.2 MiB;144 MiB;27.6 MiB;305 MiB;170 MiB;25.0 MiB
08.01.2025 21:23;69.2 MiB;322 MiB;26.6 MiB;304 MiB;170 MiB;159 MiB
08.01.2025 21:24;73.1 MiB;144 MiB;26.6 MiB;305 MiB;170 MiB;26.5 MiB
08.01.2025 21:25;72.7 MiB;180 MiB;26.2 MiB;305 MiB;170 MiB;203 MiB
08.01.2025 21:26;73.0 MiB;144 MiB;26.1 MiB;305 MiB;170 MiB;24.9 MiB
08.01.2025 21:27;72.6 MiB;233 MiB;26.3 MiB;305 MiB;170 MiB;33.7 MiB
08.01.2025 21:28;64.9 MiB;145 MiB;26.9 MiB;305 MiB;170 MiB;25.9 MiB
08.01.2025 21:29;66.2 MiB;322 MiB;26.8 MiB;305 MiB;170 MiB;72.2 MiB
08.01.2025 21:30;64.1 MiB;144 MiB;26.8 MiB;305 MiB;170 MiB;25.4 MiB
08.01.2025 21:31;64.7 MiB;174 MiB;26.3 MiB;305 MiB;170 MiB;108 MiB
08.01.2025 21:32;66.6 MiB;144 MiB;26.2 MiB;305 MiB;170 MiB;25.4 MiB
08.01.2025 21:33;66.6 MiB;245 MiB;26.7 MiB;305 MiB;170 MiB;132 MiB
08.01.2025 21:34;69.2 MiB;144 MiB;26.6 MiB;305 MiB;170 MiB;25.8 MiB
08.01.2025 21:35;62.4 MiB;322 MiB;27.2 MiB;304 MiB;170 MiB;150 MiB
08.01.2025 21:36;65.7 MiB;144 MiB;26.1 MiB;305 MiB;170 MiB;25.4 MiB
08.01.2025 21:37;65.7 MiB;164 MiB;25.7 MiB;305 MiB;170 MiB;205 MiB
08.01.2025 21:38;67.2 MiB;144 MiB;24.6 MiB;305 MiB;170 MiB;23.7 MiB
08.01.2025 21:39;67.2 MiB;289 MiB;32.2 MiB;305 MiB;170 MiB;29.4 MiB
08.01.2025 21:40;72.1 MiB;144 MiB;32.4 MiB;305 MiB;170 MiB;23.9 MiB
08.01.2025 21:41;66.0 MiB;321 MiB;32.7 MiB;305 MiB;170 MiB;88.4 MiB
08.01.2025 21:42;70.6 MiB;144 MiB;32.7 MiB;305 MiB;170 MiB;26.1 MiB
08.01.2025 21:43;70.6 MiB;194 MiB;27.8 MiB;305 MiB;170 MiB;149 MiB
08.01.2025 21:44;62.2 MiB;144 MiB;26.3 MiB;305 MiB;170 MiB;25.4 MiB
08.01.2025 21:45;61.4 MiB;287 MiB;26.4 MiB;305 MiB;170 MiB;178 MiB
08.01.2025 21:46;74.2 MiB;144 MiB;24.9 MiB;305 MiB;170 MiB;24.4 MiB
08.01.2025 21:47;73.7 MiB;322 MiB;25.7 MiB;305 MiB;170 MiB;203 MiB
08.01.2025 21:48;70.9 MiB;144 MiB;25.6 MiB;305 MiB;170 MiB;25.5 MiB
08.01.2025 21:49;70.9 MiB;152 MiB;30.1 MiB;305 MiB;170 MiB;34.7 MiB
08.01.2025 21:50;69.1 MiB;144 MiB;30.4 MiB;305 MiB;170 MiB;26.2 MiB
08.01.2025 21:51;69.2 MiB;283 MiB;26.6 MiB;305 MiB;170 MiB;77.3 MiB
08.01.2025 21:52;65.3 MiB;144 MiB;26.1 MiB;305 MiB;170 MiB;25.4 MiB
08.01.2025 21:53;65.4 MiB;322 MiB;27.7 MiB;305 MiB;170 MiB;150 MiB
08.01.2025 21:54;71.6 MiB;144 MiB;27.7 MiB;305 MiB;170 MiB;23.4 MiB
08.01.2025 21:55;63.9 MiB;205 MiB;25.8 MiB;305 MiB;170 MiB;203 MiB
08.01.2025 21:56;65.9 MiB;144 MiB;25.3 MiB;305 MiB;170 MiB;25.4 MiB
08.01.2025 21:57;67.8 MiB;322 MiB;27.3 MiB;305 MiB;170 MiB;203 MiB
08.01.2025 21:58;69.6 MiB;144 MiB;27.3 MiB;305 MiB;170 MiB;25.4 MiB
08.01.2025 21:59;62.4 MiB;144 MiB;26.2 MiB;305 MiB;170 MiB;61.3 MiB
08.01.2025 22:00;69.6 MiB;144 MiB;25.1 MiB;305 MiB;170 MiB;25.9 MiB
08.01.2025 22:01;69.6 MiB;190 MiB;27.2 MiB;305 MiB;170 MiB;114 MiB
08.01.2025 22:02;66.6 MiB;144 MiB;27.2 MiB;305 MiB;170 MiB;26.3 MiB
08.01.2025 22:03;66.7 MiB;268 MiB;27.2 MiB;305 MiB;170 MiB;139 MiB
08.01.2025 22:04;67.2 MiB;144 MiB;26.1 MiB;305 MiB;170 MiB;24.4 MiB
08.01.2025 22:05;66.7 MiB;322 MiB;27.1 MiB;305 MiB;170 MiB;192 MiB
08.01.2025 22:06;68.7 MiB;144 MiB;27.0 MiB;305 MiB;170 MiB;26.9 MiB
08.01.2025 22:07;68.2 MiB;201 MiB;26.7 MiB;305 MiB;170 MiB;31.9 MiB
08.01.2025 22:08;71.6 MiB;144 MiB;26.7 MiB;305 MiB;170 MiB;26.1 MiB
08.01.2025 22:09;71.6 MiB;322 MiB;27.2 MiB;305 MiB;170 MiB;72.8 MiB
08.01.2025 22:10;65.6 MiB;144 MiB;27.2 MiB;305 MiB;170 MiB;24.9 MiB
08.01.2025 22:11;65.6 MiB;144 MiB;27.2 MiB;305 MiB;170 MiB;101 MiB
08.01.2025 22:12;67.7 MiB;144 MiB;27.2 MiB;305 MiB;170 MiB;24.4 MiB
08.01.2025 22:13;67.2 MiB;231 MiB;28.3 MiB;305 MiB;170 MiB;121 MiB
08.01.2025 22:14;69.4 MiB;144 MiB;27.8 MiB;305 MiB;170 MiB;25.9 MiB
08.01.2025 22:15;69.5 MiB;321 MiB;27.7 MiB;305 MiB;170 MiB;169 MiB
08.01.2025 22:16;64.6 MiB;144 MiB;27.2 MiB;305 MiB;170 MiB;24.9 MiB
08.01.2025 22:17;64.7 MiB;144 MiB;29.2 MiB;305 MiB;170 MiB;205 MiB
08.01.2025 22:18;66.6 MiB;144 MiB;29.3 MiB;305 MiB;170 MiB;23.4 MiB
08.01.2025 22:19;66.6 MiB;215 MiB;27.4 MiB;305 MiB;170 MiB;26.9 MiB
08.01.2025 22:20;66.0 MiB;144 MiB;27.7 MiB;305 MiB;170 MiB;22.2 MiB
08.01.2025 22:21;65.6 MiB;322 MiB;31.8 MiB;305 MiB;170 MiB;69.0 MiB
08.01.2025 22:22;65.9 MiB;144 MiB;31.7 MiB;305 MiB;170 MiB;26.0 MiB
08.01.2025 22:23;65.7 MiB;322 MiB;26.7 MiB;305 MiB;170 MiB;122 MiB
08.01.2025 22:24;64.9 MiB;144 MiB;26.7 MiB;305 MiB;170 MiB;26.1 MiB
08.01.2025 22:25;64.1 MiB;280 MiB;28.3 MiB;305 MiB;170 MiB;154 MiB
08.01.2025 22:26;77.3 MiB;144 MiB;28.8 MiB;305 MiB;170 MiB;25.6 MiB
08.01.2025 22:27;77.1 MiB;322 MiB;27.7 MiB;305 MiB;170 MiB;174 MiB
08.01.2025 22:28;72.5 MiB;144 MiB;27.7 MiB;305 MiB;170 MiB;26.4 MiB
08.01.2025 22:29;72.6 MiB;215 MiB;36.6 MiB;305 MiB;170 MiB;203 MiB
08.01.2025 22:30;65.1 MiB;144 MiB;36.6 MiB;305 MiB;170 MiB;23.9 MiB
08.01.2025 22:31;65.2 MiB;320 MiB;25.8 MiB;305 MiB;170 MiB;93.2 MiB
08.01.2025 22:32;69.2 MiB;144 MiB;24.8 MiB;305 MiB;170 MiB;25.9 MiB
08.01.2025 22:33;61.9 MiB;322 MiB;26.3 MiB;305 MiB;170 MiB;117 MiB
08.01.2025 22:34;63.4 MiB;144 MiB;25.2 MiB;305 MiB;170 MiB;25.2 MiB
08.01.2025 22:35;63.0 MiB;219 MiB;27.7 MiB;305 MiB;170 MiB;182 MiB
08.01.2025 22:36;65.2 MiB;144 MiB;27.2 MiB;305 MiB;170 MiB;26.6 MiB
08.01.2025 22:37;65.2 MiB;285 MiB;26.7 MiB;305 MiB;170 MiB;203 MiB
08.01.2025 22:38;68.2 MiB;144 MiB;26.7 MiB;305 MiB;170 MiB;23.9 MiB
08.01.2025 22:39;68.7 MiB;322 MiB;25.7 MiB;305 MiB;170 MiB;25.6 MiB
08.01.2025 22:40;72.7 MiB;144 MiB;25.7 MiB;305 MiB;170 MiB;25.4 MiB
08.01.2025 22:41;72.7 MiB;170 MiB;31.9 MiB;305 MiB;170 MiB;79.0 MiB
08.01.2025 22:42;70.6 MiB;144 MiB;31.3 MiB;305 MiB;170 MiB;35.3 MiB
08.01.2025 22:43;70.2 MiB;299 MiB;32.1 MiB;305 MiB;170 MiB;97.8 MiB
08.01.2025 22:44;68.0 MiB;144 MiB;32.1 MiB;305 MiB;170 MiB;24.9 MiB
08.01.2025 22:45;68.2 MiB;145 MiB;26.1 MiB;305 MiB;170 MiB;163 MiB
08.01.2025 22:46;67.1 MiB;144 MiB;25.1 MiB;305 MiB;170 MiB;25.4 MiB
08.01.2025 22:47;67.2 MiB;180 MiB;26.7 MiB;305 MiB;170 MiB;203 MiB
08.01.2025 22:48;72.6 MiB;144 MiB;26.2 MiB;305 MiB;170 MiB;25.9 MiB
08.01.2025 22:49;72.7 MiB;322 MiB;27.8 MiB;305 MiB;170 MiB;202 MiB
08.01.2025 22:50;69.2 MiB;144 MiB;27.8 MiB;305 MiB;170 MiB;24.4 MiB
08.01.2025 22:51;62.9 MiB;144 MiB;27.1 MiB;305 MiB;170 MiB;46.2 MiB
08.01.2025 22:52;65.9 MiB;144 MiB;27.1 MiB;305 MiB;170 MiB;25.1 MiB
08.01.2025 22:53;66.3 MiB;197 MiB;27.2 MiB;305 MiB;170 MiB;95.6 MiB
08.01.2025 22:54;71.6 MiB;144 MiB;27.2 MiB;305 MiB;170 MiB;25.9 MiB
08.01.2025 22:55;71.2 MiB;322 MiB;30.7 MiB;305 MiB;170 MiB;128 MiB
08.01.2025 22:56;69.6 MiB;144 MiB;30.7 MiB;305 MiB;170 MiB;25.5 MiB
08.01.2025 22:57;70.2 MiB;145 MiB;30.3 MiB;305 MiB;170 MiB;195 MiB
08.01.2025 22:58;73.6 MiB;145 MiB;30.3 MiB;305 MiB;170 MiB;25.0 MiB
08.01.2025 22:59;73.7 MiB;199 MiB;26.9 MiB;305 MiB;170 MiB;192 MiB
08.01.2025 23:00;64.7 MiB;145 MiB;26.9 MiB;305 MiB;170 MiB;24.9 MiB
08.01.2025 23:01;64.7 MiB;285 MiB;27.2 MiB;305 MiB;170 MiB;215 MiB
08.01.2025 23:02;70.2 MiB;144 MiB;25.2 MiB;305 MiB;170 MiB;37.3 MiB
08.01.2025 23:03;70.2 MiB;322 MiB;26.7 MiB;305 MiB;170 MiB;53.0 MiB
08.01.2025 23:04;68.1 MiB;144 MiB;26.7 MiB;305 MiB;170 MiB;22.4 MiB
08.01.2025 23:05;68.1 MiB;208 MiB;28.0 MiB;305 MiB;170 MiB;98.9 MiB
08.01.2025 23:06;64.4 MiB;145 MiB;27.9 MiB;305 MiB;170 MiB;25.9 MiB
08.01.2025 23:07;64.4 MiB;306 MiB;27.2 MiB;305 MiB;170 MiB;121 MiB
08.01.2025 23:08;67.4 MiB;145 MiB;27.1 MiB;305 MiB;170 MiB;26.2 MiB
08.01.2025 23:09;62.9 MiB;144 MiB;27.2 MiB;305 MiB;170 MiB;179 MiB
08.01.2025 23:10;66.6 MiB;144 MiB;27.2 MiB;305 MiB;170 MiB;23.9 MiB
08.01.2025 23:11;67.1 MiB;184 MiB;27.4 MiB;305 MiB;170 MiB;204 MiB
08.01.2025 23:12;70.6 MiB;144 MiB;27.4 MiB;305 MiB;170 MiB;25.1 MiB
08.01.2025 23:13;70.6 MiB;311 MiB;26.7 MiB;305 MiB;170 MiB;27.3 MiB
08.01.2025 23:14;69.2 MiB;144 MiB;26.7 MiB;305 MiB;170 MiB;23.9 MiB
08.01.2025 23:15;62.8 MiB;322 MiB;30.9 MiB;305 MiB;170 MiB;43.4 MiB
08.01.2025 23:16;69.7 MiB;144 MiB;31.1 MiB;305 MiB;170 MiB;25.5 MiB
08.01.2025 23:17;69.7 MiB;192 MiB;29.2 MiB;305 MiB;170 MiB;118 MiB
08.01.2025 23:18;69.8 MiB;144 MiB;28.2 MiB;305 MiB;170 MiB;25.5 MiB
08.01.2025 23:19;70.3 MiB;312 MiB;26.2 MiB;305 MiB;170 MiB;190 MiB
08.01.2025 23:20;70.2 MiB;145 MiB;26.2 MiB;305 MiB;170 MiB;27.3 MiB
08.01.2025 23:21;70.2 MiB;322 MiB;26.7 MiB;305 MiB;170 MiB;203 MiB
08.01.2025 23:22;66.2 MiB;144 MiB;25.7 MiB;305 MiB;170 MiB;23.9 MiB
08.01.2025 23:23;66.2 MiB;215 MiB;29.2 MiB;305 MiB;170 MiB;23.4 MiB
08.01.2025 23:24;68.6 MiB;145 MiB;29.1 MiB;305 MiB;170 MiB;28.1 MiB
08.01.2025 23:25;68.7 MiB;322 MiB;28.7 MiB;305 MiB;170 MiB;61.0 MiB
08.01.2025 23:26;70.6 MiB;144 MiB;27.1 MiB;305 MiB;170 MiB;24.6 MiB
08.01.2025 23:27;70.6 MiB;145 MiB;27.2 MiB;305 MiB;170 MiB;90.3 MiB
08.01.2025 23:28;67.1 MiB;145 MiB;26.1 MiB;305 MiB;170 MiB;24.4 MiB
08.01.2025 23:29;67.2 MiB;255 MiB;27.2 MiB;305 MiB;170 MiB;152 MiB
08.01.2025 23:30;67.1 MiB;145 MiB;27.2 MiB;305 MiB;170 MiB;24.0 MiB
08.01.2025 23:31;67.2 MiB;306 MiB;26.7 MiB;305 MiB;170 MiB;183 MiB
08.01.2025 23:32;69.7 MiB;144 MiB;26.7 MiB;305 MiB;170 MiB;25.5 MiB
08.01.2025 23:33;69.8 MiB;145 MiB;33.2 MiB;305 MiB;170 MiB;203 MiB
08.01.2025 23:34;67.6 MiB;144 MiB;32.7 MiB;305 MiB;170 MiB;25.0 MiB
08.01.2025 23:35;67.6 MiB;251 MiB;26.7 MiB;305 MiB;170 MiB;50.3 MiB
08.01.2025 23:36;67.6 MiB;144 MiB;26.7 MiB;305 MiB;170 MiB;24.5 MiB
08.01.2025 23:37;67.7 MiB;322 MiB;26.3 MiB;305 MiB;170 MiB;109 MiB
08.01.2025 23:38;67.7 MiB;144 MiB;25.8 MiB;305 MiB;170 MiB;26.5 MiB
08.01.2025 23:39;67.7 MiB;164 MiB;27.7 MiB;305 MiB;170 MiB;140 MiB
08.01.2025 23:40;67.8 MiB;144 MiB;27.6 MiB;305 MiB;170 MiB;25.0 MiB
08.01.2025 23:41;67.9 MiB;296 MiB;29.7 MiB;305 MiB;170 MiB;193 MiB
08.01.2025 23:42;67.7 MiB;145 MiB;29.7 MiB;305 MiB;170 MiB;26.0 MiB
08.01.2025 23:43;67.7 MiB;299 MiB;28.2 MiB;305 MiB;170 MiB;207 MiB
08.01.2025 23:44;66.0 MiB;144 MiB;28.1 MiB;305 MiB;170 MiB;28.5 MiB
08.01.2025 23:45;67.0 MiB;145 MiB;27.2 MiB;305 MiB;170 MiB;25.5 MiB
08.01.2025 23:46;68.1 MiB;144 MiB;24.6 MiB;305 MiB;170 MiB;34.1 MiB
08.01.2025 23:47;68.2 MiB;221 MiB;25.7 MiB;305 MiB;170 MiB;58.9 MiB
08.01.2025 23:48;72.2 MiB;145 MiB;25.6 MiB;305 MiB;170 MiB;26.0 MiB
08.01.2025 23:49;67.5 MiB;321 MiB;26.7 MiB;305 MiB;170 MiB;85.5 MiB
08.01.2025 23:50;67.5 MiB;144 MiB;25.2 MiB;305 MiB;170 MiB;24.9 MiB
08.01.2025 23:51;67.5 MiB;145 MiB;27.2 MiB;305 MiB;170 MiB;128 MiB
08.01.2025 23:52;68.6 MiB;145 MiB;27.6 MiB;305 MiB;170 MiB;25.5 MiB
08.01.2025 23:53;68.7 MiB;303 MiB;26.3 MiB;305 MiB;170 MiB;154 MiB
08.01.2025 23:54;72.1 MiB;144 MiB;26.3 MiB;305 MiB;170 MiB;24.9 MiB
08.01.2025 23:55;66.5 MiB;322 MiB;26.2 MiB;305 MiB;170 MiB;203 MiB
08.01.2025 23:56;70.0 MiB;144 MiB;26.1 MiB;305 MiB;170 MiB;23.5 MiB
08.01.2025 23:57;70.0 MiB;174 MiB;26.8 MiB;305 MiB;170 MiB;28.2 MiB
08.01.2025 23:58;65.1 MiB;145 MiB;26.8 MiB;305 MiB;170 MiB;22.5 MiB
08.01.2025 23:59;65.2 MiB;280 MiB;26.4 MiB;305 MiB;170 MiB;89.4 MiB
09.01.2025 00:00;64.0 MiB;145 MiB;26.4 MiB;305 MiB;170 MiB;26.4 MiB
09.01.2025 00:01;64.1 MiB;322 MiB;35.3 MiB;305 MiB;170 MiB;119 MiB
09.01.2025 00:02;68.7 MiB;144 MiB;35.2 MiB;305 MiB;170 MiB;22.9 MiB
09.01.2025 00:03;68.8 MiB;190 MiB;32.5 MiB;305 MiB;170 MiB;184 MiB
09.01.2025 00:04;66.6 MiB;145 MiB;32.4 MiB;305 MiB;170 MiB;25.4 MiB
09.01.2025 00:05;66.7 MiB;298 MiB;26.9 MiB;305 MiB;170 MiB;205 MiB
09.01.2025 00:06;68.8 MiB;145 MiB;25.9 MiB;305 MiB;170 MiB;27.5 MiB
09.01.2025 00:07;69.2 MiB;144 MiB;27.7 MiB;305 MiB;170 MiB;57.2 MiB
09.01.2025 00:08;71.3 MiB;145 MiB;27.2 MiB;305 MiB;170 MiB;23.8 MiB
09.01.2025 00:09;71.5 MiB;245 MiB;27.4 MiB;305 MiB;170 MiB;67.0 MiB
09.01.2025 00:10;71.6 MiB;145 MiB;27.4 MiB;305 MiB;170 MiB;24.4 MiB
09.01.2025 00:11;71.6 MiB;322 MiB;26.7 MiB;305 MiB;170 MiB;82.9 MiB
09.01.2025 00:12;65.8 MiB;144 MiB;24.2 MiB;305 MiB;170 MiB;31.6 MiB
09.01.2025 00:13;65.4 MiB;145 MiB;26.7 MiB;305 MiB;170 MiB;150 MiB
09.01.2025 00:14;66.6 MiB;144 MiB;26.2 MiB;305 MiB;170 MiB;24.4 MiB
09.01.2025 00:15;66.7 MiB;216 MiB;27.7 MiB;305 MiB;170 MiB;168 MiB
09.01.2025 00:16;68.5 MiB;145 MiB;27.1 MiB;305 MiB;170 MiB;25.5 MiB
09.01.2025 00:17;68.5 MiB;286 MiB;27.2 MiB;305 MiB;170 MiB;161 MiB
09.01.2025 00:18;69.9 MiB;145 MiB;27.2 MiB;305 MiB;170 MiB;22.7 MiB
09.01.2025 00:19;69.6 MiB;322 MiB;26.3 MiB;305 MiB;170 MiB;204 MiB
09.01.2025 00:20;69.6 MiB;144 MiB;26.0 MiB;305 MiB;170 MiB;27.2 MiB
09.01.2025 00:21;69.6 MiB;287 MiB;27.2 MiB;305 MiB;170 MiB;208 MiB
09.01.2025 00:22;68.1 MiB;145 MiB;27.1 MiB;305 MiB;170 MiB;30.1 MiB
09.01.2025 00:23;68.2 MiB;322 MiB;26.4 MiB;305 MiB;170 MiB;64.2 MiB
09.01.2025 00:24;68.3 MiB;145 MiB;26.4 MiB;305 MiB;170 MiB;24 MiB
09.01.2025 00:25;67.9 MiB;165 MiB;27.2 MiB;305 MiB;170 MiB;103 MiB
09.01.2025 00:26;65.2 MiB;145 MiB;26.7 MiB;305 MiB;170 MiB;25.4 MiB
09.01.2025 00:27;64.7 MiB;277 MiB;26.7 MiB;305 MiB;170 MiB;133 MiB
09.01.2025 00:28;66.6 MiB;145 MiB;26.7 MiB;305 MiB;170 MiB;26.5 MiB
09.01.2025 00:29;66.7 MiB;322 MiB;26.2 MiB;305 MiB;170 MiB;161 MiB
09.01.2025 00:30;63.1 MiB;145 MiB;26.4 MiB;305 MiB;170 MiB;25.4 MiB
09.01.2025 00:31;63.1 MiB;180 MiB;36.3 MiB;305 MiB;170 MiB;26.5 MiB
09.01.2025 00:32;66.1 MiB;145 MiB;36.3 MiB;305 MiB;170 MiB;25.5 MiB
09.01.2025 00:33;66.6 MiB;286 MiB;26.2 MiB;305 MiB;170 MiB;40.5 MiB
09.01.2025 00:34;69.7 MiB;145 MiB;26.2 MiB;305 MiB;170 MiB;26.5 MiB
09.01.2025 00:35;69.2 MiB;144 MiB;27.2 MiB;305 MiB;170 MiB;140 MiB
09.01.2025 00:36;67.5 MiB;145 MiB;27.2 MiB;305 MiB;170 MiB;25.4 MiB
09.01.2025 00:37;67.5 MiB;216 MiB;26.7 MiB;304 MiB;170 MiB;178 MiB
09.01.2025 00:38;66.1 MiB;145 MiB;25.6 MiB;304 MiB;170 MiB;24.9 MiB
09.01.2025 00:39;66.2 MiB;286 MiB;30.7 MiB;304 MiB;170 MiB;206 MiB
09.01.2025 00:40;72.2 MiB;145 MiB;30.9 MiB;304 MiB;170 MiB;30.3 MiB
09.01.2025 00:41;72.4 MiB;145 MiB;26.7 MiB;304 MiB;170 MiB;33.2 MiB
09.01.2025 00:42;70.7 MiB;145 MiB;26.1 MiB;304 MiB;170 MiB;26.0 MiB
09.01.2025 00:43;70.2 MiB;180 MiB;27.2 MiB;304 MiB;170 MiB;44.7 MiB
09.01.2025 00:44;70.6 MiB;145 MiB;27.2 MiB;304 MiB;170 MiB;25.0 MiB
09.01.2025 00:45;62.4 MiB;245 MiB;26.7 MiB;304 MiB;170 MiB;72.9 MiB
09.01.2025 00:46;72.1 MiB;145 MiB;26.6 MiB;304 MiB;170 MiB;26.5 MiB
09.01.2025 00:47;72.1 MiB;322 MiB;26.7 MiB;304 MiB;170 MiB;89.4 MiB
09.01.2025 00:48;66.6 MiB;145 MiB;26.7 MiB;304 MiB;170 MiB;25.6 MiB
09.01.2025 00:49;66.7 MiB;160 MiB;27.6 MiB;304 MiB;170 MiB;133 MiB
09.01.2025 00:50;70.5 MiB;145 MiB;27.8 MiB;304 MiB;170 MiB;25.7 MiB
09.01.2025 00:51;70.5 MiB;290 MiB;27.8 MiB;304 MiB;170 MiB;167 MiB
09.01.2025 00:52;64.7 MiB;145 MiB;27.3 MiB;304 MiB;170 MiB;23.0 MiB
09.01.2025 00:53;64.7 MiB;322 MiB;26.2 MiB;304 MiB;170 MiB;203 MiB
09.01.2025 00:54;67.1 MiB;145 MiB;26.2 MiB;304 MiB;170 MiB;25.8 MiB
09.01.2025 00:55;67.2 MiB;216 MiB;26.2 MiB;304 MiB;170 MiB;28.4 MiB
09.01.2025 00:56;69.7 MiB;145 MiB;26.1 MiB;304 MiB;170 MiB;24.9 MiB
09.01.2025 00:57;69.8 MiB;322 MiB;26.2 MiB;304 MiB;170 MiB;62.5 MiB
09.01.2025 00:58;68.3 MiB;145 MiB;26.1 MiB;304 MiB;170 MiB;22.9 MiB
09.01.2025 00:59;68.7 MiB;145 MiB;26.7 MiB;304 MiB;170 MiB;97.2 MiB
09.01.2025 01:00;69.2 MiB;145 MiB;24.2 MiB;304 MiB;170 MiB;24.3 MiB
09.01.2025 01:01;69.3 MiB;252 MiB;26.7 MiB;304 MiB;170 MiB;111 MiB
09.01.2025 01:02;68.7 MiB;145 MiB;26.7 MiB;304 MiB;170 MiB;25.6 MiB
09.01.2025 01:03;62.1 MiB;322 MiB;27.2 MiB;304 MiB;170 MiB;164 MiB
09.01.2025 01:04;67.6 MiB;145 MiB;26.7 MiB;304 MiB;170 MiB;26.0 MiB
09.01.2025 01:05;67.7 MiB;173 MiB;27.2 MiB;304 MiB;170 MiB;203 MiB
09.01.2025 01:06;69.3 MiB;145 MiB;26.7 MiB;304 MiB;170 MiB;23.8 MiB
09.01.2025 01:07;69.4 MiB;287 MiB;27.2 MiB;304 MiB;170 MiB;22.7 MiB
09.01.2025 01:08;69.6 MiB;145 MiB;27.4 MiB;304 MiB;171 MiB;24.9 MiB
09.01.2025 01:09;69.2 MiB;322 MiB;26.6 MiB;304 MiB;171 MiB;61.0 MiB
09.01.2025 01:10;68.3 MiB;145 MiB;25.6 MiB;304 MiB;171 MiB;25.5 MiB
09.01.2025 01:11;68.8 MiB;187 MiB;27.2 MiB;304 MiB;171 MiB;112 MiB
09.01.2025 01:12;67.3 MiB;145 MiB;27.1 MiB;304 MiB;171 MiB;25.9 MiB
09.01.2025 01:13;68.4 MiB;268 MiB;28.1 MiB;304 MiB;171 MiB;105 MiB
09.01.2025 01:14;66.1 MiB;145 MiB;28.1 MiB;304 MiB;171 MiB;26.1 MiB
09.01.2025 01:15;66.3 MiB;322 MiB;33.8 MiB;304 MiB;171 MiB;133 MiB
09.01.2025 01:16;69.7 MiB;145 MiB;33.3 MiB;304 MiB;171 MiB;25.5 MiB
09.01.2025 01:17;70.4 MiB;145 MiB;26.7 MiB;304 MiB;171 MiB;204 MiB
09.01.2025 01:18;68.0 MiB;145 MiB;26.7 MiB;304 MiB;171 MiB;26.0 MiB
09.01.2025 01:19;68.8 MiB;212 MiB;26.7 MiB;304 MiB;171 MiB;40.8 MiB
09.01.2025 01:20;67.4 MiB;145 MiB;24.1 MiB;304 MiB;171 MiB;24.5 MiB
09.01.2025 01:21;67.2 MiB;315 MiB;27.2 MiB;304 MiB;171 MiB;102 MiB
09.01.2025 01:22;71.5 MiB;145 MiB;27.2 MiB;304 MiB;171 MiB;31.0 MiB
09.01.2025 01:23;72.0 MiB;168 MiB;26.5 MiB;304 MiB;171 MiB;140 MiB
09.01.2025 01:24;66.2 MiB;145 MiB;26.5 MiB;304 MiB;171 MiB;26.3 MiB
09.01.2025 01:25;66.2 MiB;226 MiB;27.0 MiB;304 MiB;171 MiB;166 MiB
09.01.2025 01:26;68.9 MiB;145 MiB;27.2 MiB;304 MiB;171 MiB;23.0 MiB
09.01.2025 01:27;68.7 MiB;317 MiB;28.3 MiB;304 MiB;171 MiB;191 MiB
09.01.2025 01:28;73.1 MiB;145 MiB;28.3 MiB;304 MiB;171 MiB;25.0 MiB
09.01.2025 01:29;72.9 MiB;322 MiB;26.3 MiB;304 MiB;171 MiB;203 MiB
09.01.2025 01:30;66.7 MiB;145 MiB;26.2 MiB;304 MiB;171 MiB;24.5 MiB
09.01.2025 01:31;66.2 MiB;164 MiB;27.2 MiB;304 MiB;171 MiB;65.5 MiB
09.01.2025 01:32;67.6 MiB;145 MiB;26.1 MiB;304 MiB;171 MiB;25.5 MiB
09.01.2025 01:33;67.6 MiB;226 MiB;27.7 MiB;304 MiB;171 MiB;106 MiB
09.01.2025 01:34;68.6 MiB;145 MiB;27.6 MiB;304 MiB;171 MiB;25.0 MiB
09.01.2025 01:35;68.6 MiB;270 MiB;27.0 MiB;304 MiB;171 MiB;161 MiB
09.01.2025 01:36;69.8 MiB;145 MiB;27.0 MiB;304 MiB;171 MiB;25.5 MiB
09.01.2025 01:37;71.0 MiB;325 MiB;27.7 MiB;304 MiB;171 MiB;204 MiB
09.01.2025 01:38;65.6 MiB;147 MiB;27.2 MiB;304 MiB;171 MiB;24.0 MiB
09.01.2025 01:39;65.6 MiB;148 MiB;27.9 MiB;304 MiB;171 MiB;202 MiB
09.01.2025 01:40;67.9 MiB;148 MiB;28.4 MiB;304 MiB;171 MiB;24.5 MiB
09.01.2025 01:41;68.2 MiB;266 MiB;26.2 MiB;304 MiB;171 MiB;89.3 MiB
09.01.2025 01:42;63.1 MiB;147 MiB;26.1 MiB;304 MiB;171 MiB;24.2 MiB
09.01.2025 01:43;63.1 MiB;324 MiB;25.7 MiB;304 MiB;171 MiB;115 MiB
09.01.2025 01:44;64.6 MiB;147 MiB;24.7 MiB;304 MiB;171 MiB;26.0 MiB
09.01.2025 01:45;64.1 MiB;194 MiB;25.8 MiB;304 MiB;171 MiB;158 MiB
09.01.2025 01:46;67.2 MiB;147 MiB;26.4 MiB;304 MiB;171 MiB;24.5 MiB
09.01.2025 01:47;67.6 MiB;264 MiB;27.0 MiB;304 MiB;171 MiB;189 MiB
09.01.2025 01:48;64.6 MiB;147 MiB;27.2 MiB;304 MiB;171 MiB;25.9 MiB
09.01.2025 01:49;64.6 MiB;324 MiB;32.8 MiB;304 MiB;171 MiB;210 MiB
09.01.2025 01:50;68.9 MiB;147 MiB;32.8 MiB;304 MiB;171 MiB;32 MiB
09.01.2025 01:51;68.7 MiB;147 MiB;26.4 MiB;304 MiB;171 MiB;29.5 MiB
09.01.2025 01:52;65.6 MiB;147 MiB;26.3 MiB;304 MiB;171 MiB;26.1 MiB
09.01.2025 01:53;65.6 MiB;271 MiB;29.4 MiB;304 MiB;171 MiB;65.6 MiB
09.01.2025 01:54;69.1 MiB;147 MiB;29.4 MiB;304 MiB;171 MiB;25.7 MiB
09.01.2025 01:55;69.2 MiB;325 MiB;26.2 MiB;304 MiB;171 MiB;108 MiB
09.01.2025 01:56;65.6 MiB;147 MiB;26.1 MiB;304 MiB;171 MiB;25.6 MiB
09.01.2025 01:57;64.6 MiB;189 MiB;27.2 MiB;304 MiB;171 MiB;167 MiB
09.01.2025 01:58;65.2 MiB;147 MiB;27.4 MiB;304 MiB;171 MiB;25.5 MiB
09.01.2025 01:59;65.2 MiB;268 MiB;28.8 MiB;304 MiB;171 MiB;195 MiB
09.01.2025 02:00;65.4 MiB;147 MiB;29.0 MiB;304 MiB;171 MiB;27.1 MiB
